<?xml version='1.0' encoding='utf-8' standalone='yes' ?>
<map>
    <long name="DownloadDisplayMessageMillis" value="1754544896291" />
    <boolean name="shouldDownloadToSDCard" value="false" />
    <long name="LastLicenseMarkSyncMillis" value="1754559296291" />
    <boolean name="firstAppStartWithoutUser" value="false" />
    <long name="SyncPlayerSdkDownloadMillis" value="1754559296742" />
    <long name="RetryDisabledDownloadSyncMillis" value="1754544896291" />
    <long name="SyncPlayerSdkErrorStateMillis" value="1754544896290" />
    <boolean name="shouldSubscribeToAllTopics" value="false" />
    <long name="LastLicenseSyncMillis" value="1754544896290" />
    <long name="RefreshMetadataSyncTTLMillis" value="1755149696742" />
    <long name="QueueDownloadSyncMills" value="1754544896291" />
    <string name="PN_customer_vcr">IN</string>
    <long name="DeleteDownloadSyncMillis" value="1754544896291" />
    <string name="PN_subscription_prefs">[{&quot;topic&quot;:&quot;AIV_video_in_library&quot;,&quot;isSubscribed&quot;:false},{&quot;topic&quot;:&quot;AIV_video_recommendations&quot;,&quot;isSubscribed&quot;:false},{&quot;topic&quot;:&quot;AIV_new_feature&quot;,&quot;isSubscribed&quot;:false},{&quot;topic&quot;:&quot;AIV_offer&quot;,&quot;isSubscribed&quot;:false}]</string>
    <long name="LastLicenseRepairMillis" value="1754544896290" />
    <long name="DisabledDownloadSyncMillis" value="1754544896291" />
    <string name="PN_customer_id">amzn1.account.AEORLD6XSUG73PR655BDF2V3XLBQ</string>
    <long name="LastImagesDownloadSyncMillis" value="1754559296742" />
</map>
