{"Fid":"frRV1xSMSqGTkpkIgpo5LP","Status":3,"AuthToken":"eyJhbGciOiJFUzI1NiIsInR5cCI6IkpXVCJ9.eyJhcHBJZCI6IjE6MzU0ODAwNjQ1MzI5OmFuZHJvaWQ6NGM2NjY0NGY4NDc1MTUwYiIsImV4cCI6MTc1NTE2MzU5NSwiZmlkIjoiZnJSVjF4U01TcUdUa3BrSWdwbzVMUCIsInByb2plY3ROdW1iZXIiOjM1NDgwMDY0NTMyOX0.AB2LPV8wRQIgMvjGfGmVQYY5IgMXNZWxUaBA7siqb8PF4bP9gNoBxvkCIQDNqIxRHmEfhff6SDFoeseIe6fgsAyk_e4vSKqFl_XbEQ","RefreshToken":"3_AS3qfwJS4iaAut_52Uwkp-tsp-7uBu7gqVP-Nk2Ir7EiL2R-1fmMSJ-CiKHtkOyZG12SUEJCepeTYwKzVD9DfmcVBCv8bFsU2fp1CzUch6XZlNY","TokenCreationEpochInSecs":1754558796,"ExpiresInSecs":604800}