{"Fid":"etQNtK-fSrmG0MCwvAZIZH","Status":3,"AuthToken":"eyJhbGciOiJFUzI1NiIsInR5cCI6IkpXVCJ9.eyJhcHBJZCI6IjE6MzU0ODAwNjQ1MzI5OmFuZHJvaWQ6NGM2NjY0NGY4NDc1MTUwYiIsImV4cCI6MTc1NTE0OTY0OSwiZmlkIjoiZXRRTnRLLWZTcm1HME1Dd3ZBWklaSCIsInByb2plY3ROdW1iZXIiOjM1NDgwMDY0NTMyOX0.AB2LPV8wRAIgIBx-L9_ofa3aqHsDzlAWp_0oJ4yjUq0fnhXtilU85LMCIFsV7PPFnzdTqDEzH8ElhdlpRfdTkqA1fWPD96Ee4IXm","RefreshToken":"3_AS3qfwKpMwjbZ6oYFF82I0cBlTbe-IbZlXQUECndAGBb_kenMHTl8rVI707Wcpj7i2Rk19U0E-2oyaf42vPPM9qVeguJwDlrpHDOrY3EctaXwXs","TokenCreationEpochInSecs":1754544849,"ExpiresInSecs":604800}